<application>
  <component name="ProjectManager">
    <defaultProject>
      <component name="Encoding" native2AsciiForPropertiesFiles="true" defaultCharsetForPropertiesFiles="UTF-8">
        <file url="PROJECT" charset="UTF-8" />
      </component>
      <component name="ProjectInspectionProfilesVisibleTreeState">
        <entry key="Project Default">
          <profile-state>
            <expanded-state>
              <State />
            </expanded-state>
            <selected-state>
              <State>
                <id>Android</id>
              </State>
            </selected-state>
          </profile-state>
        </entry>
      </component>
      <component name="ProjectRootManager" version="2" languageLevel="JDK_1_8" project-jdk-name="1.8" project-jdk-type="JavaSDK" />
      <component name="PropertiesComponent">
        <property name="android.sdk.path" value="E:/Repository/android/Sdk" />
        <property name="project.structure.last.edited" value="Project" />
        <property name="project.structure.proportion" value="0.15" />
        <property name="project.structure.side.proportion" value="0.2" />
        <property name="settings.editor.selected.configurable" value="fileTemplates" />
      </component>
      <component name="RunManager">
        <configuration default="true" type="#com.intellij.j2ee.web.tomcat.TomcatRunConfigurationFactory" factoryName="Local" APPLICATION_SERVER_NAME="Tomcat 9.0.34" ALTERNATIVE_JRE_ENABLED="false">
          <option name="OPEN_IN_BROWSER" value="false" />
          <option name="UPDATING_POLICY" value="restart-server" />
          <deployment />
          <server-settings>
            <option name="BASE_DIRECTORY_NAME" value="_Default_(Template)_Project" />
          </server-settings>
          <predefined_log_file enabled="true" id="Tomcat" />
          <predefined_log_file enabled="true" id="Tomcat Catalina" />
          <predefined_log_file id="Tomcat Manager" />
          <predefined_log_file id="Tomcat Host Manager" />
          <predefined_log_file id="Tomcat Localhost Access" />
          <RunnerSettings RunnerId="Debug">
            <option name="DEBUG_PORT" value="53689" />
          </RunnerSettings>
          <ConfigurationWrapper VM_VAR="JAVA_OPTS" RunnerId="Cover">
            <option name="USE_ENV_VARIABLES" value="true" />
            <STARTUP>
              <option name="USE_DEFAULT" value="true" />
              <option name="SCRIPT" value="" />
              <option name="VM_PARAMETERS" value="" />
              <option name="PROGRAM_PARAMETERS" value="" />
            </STARTUP>
            <SHUTDOWN>
              <option name="USE_DEFAULT" value="true" />
              <option name="SCRIPT" value="" />
              <option name="VM_PARAMETERS" value="" />
              <option name="PROGRAM_PARAMETERS" value="" />
            </SHUTDOWN>
          </ConfigurationWrapper>
          <ConfigurationWrapper VM_VAR="JAVA_OPTS" RunnerId="Debug">
            <option name="USE_ENV_VARIABLES" value="true" />
            <STARTUP>
              <option name="USE_DEFAULT" value="true" />
              <option name="SCRIPT" value="" />
              <option name="VM_PARAMETERS" value="" />
              <option name="PROGRAM_PARAMETERS" value="" />
            </STARTUP>
            <SHUTDOWN>
              <option name="USE_DEFAULT" value="true" />
              <option name="SCRIPT" value="" />
              <option name="VM_PARAMETERS" value="" />
              <option name="PROGRAM_PARAMETERS" value="" />
            </SHUTDOWN>
          </ConfigurationWrapper>
          <ConfigurationWrapper VM_VAR="JAVA_OPTS" RunnerId="Run">
            <option name="USE_ENV_VARIABLES" value="true" />
            <STARTUP>
              <option name="USE_DEFAULT" value="true" />
              <option name="SCRIPT" value="" />
              <option name="VM_PARAMETERS" value="" />
              <option name="PROGRAM_PARAMETERS" value="" />
            </STARTUP>
            <SHUTDOWN>
              <option name="USE_DEFAULT" value="true" />
              <option name="SCRIPT" value="" />
              <option name="VM_PARAMETERS" value="" />
              <option name="PROGRAM_PARAMETERS" value="" />
            </SHUTDOWN>
          </ConfigurationWrapper>
          <method v="2">
            <option name="Make" enabled="true" />
          </method>
        </configuration>
      </component>
      <component name="ScalaSbtSettings">
        <option name="customLauncherEnabled" value="true" />
        <option name="customLauncherPath" value="C:\Application\sbt-1.3.10\bin\sbt-launch.jar" />
        <option name="customVMPath" />
        <option name="vmParameters" value="-Dsbt.boot.directory=E:/Repository/sbt/boot -Dsbt.global.base=E:/Repository/sbt -Dsbt.ivy.home=E:/Repository/ivy2" />
      </component>
      <component name="YarnPnpManager">
        <pnp-files />
      </component>
      <component name="masterDetails">
        <states>
          <state key="GlobalLibrariesConfigurable.UI">
            <settings>
              <splitter-proportions>
                <option name="proportions">
                  <list>
                    <option value="0.2" />
                  </list>
                </option>
              </splitter-proportions>
            </settings>
          </state>
          <state key="JdkListConfigurable.UI">
            <settings>
              <last-edited>1.8</last-edited>
              <splitter-proportions>
                <option name="proportions">
                  <list>
                    <option value="0.2" />
                  </list>
                </option>
              </splitter-proportions>
            </settings>
          </state>
          <state key="ProjectLibrariesConfigurable.UI" />
        </states>
      </component>
    </defaultProject>
  </component>
</application>